{"cameraMode":{"drawMode":0,"name":"Shaded","section":"Shading Mode"},"sceneLighting":true,"audioPlay":false,"sceneViewState":{"m_AlwaysRefresh":false,"showFog":true,"showSkybox":true,"showFlares":true,"showImageEffects":true,"showParticleSystems":true,"showVisualEffectGraphs":true,"m_FxEnabled":true},"in2DMode":false,"pivot":{"x":3.9504194259643556,"y":6.626348495483398,"z":0.2798757553100586},"rotation":{"x":-0.01529317069798708,"y":0.04557589441537857,"z":-0.0006979241734370589,"w":-0.998844563961029},"size":10.157381057739258,"orthographic":false}